,70000000,70000001,70000002,70000003,70000004,70000005,70000006,70000007,70000008,70000009,70000010,70000011,70000012,70000013,70000014,70000015,70000016,70000017,70000018,70000019,70000020,70000021,70000022,70000023,70000024,70000025,70000026,70000027,70000028,70000029,70000030,70000031,70000032,70000033,70000034,70000035,70000036,70000037,70000038,70000039,70000040,70000041,70000042,70000043,70000044,70000045,70000046,70000047,70000048,70000049
k__Bacteria|p__Bacteroidetes|c__Bacteroidia|o__Bacteroidales|f__Bacteroidaceae|g__Bacteroides|s__Taxon_0,1080500.000270627,964760.4272715027,898602.11568988,2180163.7015270246,363985.49523543456,294744.1389892651,1586152.0047335746,712476.5004063629,49452.49570670095,1476745.5871976735,468637.90786232287,234494.18887402175,1216799.82962013,1130077.1978568635,2774102.409682735,996674.6839411459,1159006.4314843887,184802.21293038956,1863188.6259235172,428519.5380371448,1204348.8722089117,272560.92415481166,1040281.3486080926,1333417.8867198303,1007332.5148155661,1582786.7018340796,1675560.5035319808,1376604.052733771,745202.4832257255,1533534.7613347182,857052.0736117727,979006.466250203,953374.355073123,386205.26048328716,35542.95475334802,523750.7054705132,285387.47747051145,1155407.5850382778,247032.18514283432,908837.0784959449,958897.7349669725,841444.2945493633,575020.9063823727,1304843.706538101,1019350.9793148673,1114061.2265189444,645931.9919314103,593026.5854469676,18618.681232971838,1388296.597811556
k__Bacteria|p__Bacteroidetes|c__Bacteroidia|o__Bacteroidales|f__Bacteroidaceae|g__Bacteroides|s__Taxon_1,146433.49033427984,2629173.394191046,744887.78129597,252544.28458951332,1257322.3221165873,2087212.8086041338,68019.10685432493,96668.17866948748,132703.45614947565,2654969.286111454,197401.0185637211,3011988.7515447815,215220.3062570804,2784841.2906862237,571230.0357801907,376011.7663060542,1176122.0856918758,1628627.054634491,696111.108263692,6386.375059711514,1520851.409413544,1342448.6580786281,401932.2556520002,1605242.069975038,249692.28102976363,1691733.3715728181,1459125.231260105,844450.6091919114,1302768.3190380759,63456.97767278354,106903.18632147193,1212981.223126999,1367884.5705664055,1190717.4898552084,381100.12247338775,1221692.0269756287,191691.65492309327,888255.0207594853,1695032.0631822897,2123707.2846121388,314366.2598667926,521490.2689468528,350168.0406213384,566890.5516142852,990328.0365779892,159967.99015532923,119204.04747968481,2337653.5653854734,1279579.640793398,1915106.1496837917
k__Bacteria|p__Bacteroidetes|c__Bacteroidia|o__Bacteroidales|f__Bacteroidaceae|g__Bacteroides|s__Taxon_2,1306314.7163565012,425312.42642502266,1711049.4161046734,967105.0365229473,1399301.672508851,1484443.8461605576,1550270.28186646,1156051.884278195,2256827.998209789,1412163.5846532136,164670.94755606074,1820766.549942875,58168.59046178474,898909.0945777108,1194858.1471188283,286796.22779705736,1057291.149476909,394255.2521034512,390846.1247303481,43910.17737723072,354328.0401921625,1061588.1203378937,2206687.0755949663,872270.4447737247,250288.56887668977,1169707.3018469564,509973.5393621855,433522.88188344444,1373304.4371281033,741351.7414643734,1091775.3850774304,72085.60068598716,941122.5925089783,2278733.0521151912,781719.6943562244,86892.74735281733,599247.7388620881,199130.14205251518,2874011.303741828,1750401.9814062521,467350.5640134926,347168.43679146323,297447.809921853,508498.7916312703,595192.4881028791,1681632.372116691,350192.99599378987,1427144.1625018776,400721.2254960416,514103.89427332726
k__Bacteria|p__Bacteroidetes|c__Bacteroidia|o__Bacteroidales|f__Bacteroidaceae|g__Bacteroides|s__Taxon_3,1318547.6539364464,2476319.916560421,1014951.1906043225,792686.5374032031,961872.2353795732,1314480.7525319466,267081.6169197365,1594911.985763175,589109.1011290654,1877356.5352767112,1698357.8151492903,33173.633968629176,1369415.0570443922,381279.3420342959,804386.149482012,1372119.732169887,746987.4934888892,1078908.56169867,1229866.607789244,1268679.8475455726,959620.0257728595,154066.02145999717,165458.2974975173,618493.7992036007,1921606.949199827,1498978.7118474897,458608.1093697548,1198831.5204271092,676316.1247667181,912807.4979470056,222291.023976063,773363.4375703961,1901165.0271508964,111743.76436001179,1191608.0724632177,763083.380878678,39858.554799865466,706462.4159313943,1830775.6960652978,127290.11290749081,1099205.938523041,1127634.3491359006,742706.6795685777,401401.69321361167,386376.5397066967,1023631.7565453724,507971.4457411276,538298.1171828317,2636585.882972918,528557.2886058046
k__Bacteria|p__Bacteroidetes|c__Bacteroidia|o__Bacteroidales|f__Bacteroidaceae|g__Bacteroides|s__Taxon_4,1105929.6514007242,38921.003488453454,570910.0174387738,116221.42523275467,1470063.9556021679,859939.2838289177,2431283.453384485,70686.84554728237,1466189.2128387857,1303557.2782423224,1012783.2641852209,1389999.0397854839,1055619.6185801532,1762456.4336463395,284105.7689517564,729222.7065266831,675287.9880119388,329648.8347376875,90721.43651046744,876275.6928102431,759262.3594469397,2869195.196563745,205470.75691019744,1702387.764367946,4180554.8624590044,33937.66717818868,228658.1735249065,438352.3943662641,1113852.2819592585,842162.3391120879,46656.551068629604,2061346.9273037706,91745.60603425326,883760.1637525201,677017.3381641739,1320854.019641341,1956518.5224578893,142339.19808663847,216837.31167804857,1295353.8455222491,1521568.4333397895,1580448.4555953024,399817.2897868601,1204825.9042094157,370312.059002673,1479987.4714345916,287894.7912611122,1333748.7345798835,447546.8380669109,780747.9461535615
k__Bacteria|p__Bacteroidetes|c__Bacteroidia|o__Bacteroidales|f__Bacteroidaceae|g__Bacteroides|s__Taxon_5,387002.1194954339,595778.233400892,1619389.3715673513,569158.5042943553,628.6671702957246,1895482.691664687,307756.2809465664,1722130.714919012,1186513.2917913839,579215.1963849785,677706.6398418953,1066125.6130310327,1251768.2703115155,2120664.3693010067,1453300.4641829152,264894.68567046523,2028540.2476885244,753085.7795389256,1139655.1677859281,1108731.357265673,60952.23138921021,1644437.2603514092,2855215.9479427193,1043808.778231024,227884.4647464716,920987.4134268849,485601.42004852137,304139.922528749,58258.07098237472,315732.5200735418,1120854.0005684833,1251203.9568657638,714082.3456357272,537727.3488933416,371717.70416477346,1093510.9632305661,1292781.5610350978,1201165.1652969029,1064572.4442081023,701667.0661369748,2103393.142464272,1148798.1585509528,1533277.1456415337,1105326.7221820136,3168669.1459321096,2337054.866612025,67915.47663121624,274936.67942394805,726735.2856975887,1057219.5116782973
k__Bacteria|p__Bacteroidetes|c__Bacteroidia|o__Bacteroidales|f__Bacteroidaceae|g__Bacteroides|s__Taxon_6,1456900.7106216722,204351.96685253398,1382191.4441188215,409682.48320525984,1581616.441006957,520944.1013373081,138195.79797528323,231257.90708477458,626106.9403237142,2520625.197798219,1991863.7020141212,2986993.5639564167,213921.20354937052,1458573.2218829517,696.6099082153523,1922476.4787801956,1084574.7273925235,585891.933221834,637186.0086543241,515379.2678880555,31104.80432712438,1029021.3202157321,525154.8965044316,371090.015028521,2305096.350220583,667170.8980798149,404833.11301718384,205107.59819465084,237624.40803106874,142332.25821157417,2195364.620161,32357.178293276113,277722.4449314625,2073459.5815093094,1839979.2967247858,2381792.4353771405,1522234.1111617857,1616579.2445350806,552068.0268482362,1737338.2167080902,2732148.3173087602,1885603.2168586939,602172.7022089058,361956.6118774534,234784.11819028168,1420391.4557205343,141094.39814806625,1417923.168984681,816652.6097999086,494477.0899013841
k__Bacteria|p__Bacteroidetes|c__Bacteroidia|o__Bacteroidales|f__Bacteroidaceae|g__Bacteroides|s__Taxon_7,1029355.9690187373,259929.95653684356,856421.3421264286,1133834.731184192,1236534.487214724,1227860.8142835,1731824.1346267932,924758.8700675155,1071400.054344273,712682.1650113786,1729994.101693533,1072306.4960668848,1120923.2904702374,323066.7913471126,284599.35770370055,531584.9896362736,1368188.8961953726,673795.2487397052,2295378.988159252,91677.71369468281,1740297.4407219805,908890.5721116075,628776.8160308959,1324235.339704726,1296231.632559303,997250.2904407553,1365462.7691356507,1446678.2005294438,2064068.7190324166,248383.27376383613,1087223.6733664367,3649.776602364378,741978.4950264464,1963348.9993729931,372403.816041318,873056.9926835482,2264905.1819145386,49750.20071612613,1838974.445228802,1803655.354297916,2053105.3306740955,159828.58912308887,2627584.84263436,34477.63314078399,1248886.5473144855,996874.92439713,373259.07656649605,1216845.9821917438,1609096.3916389812,620215.8324250625
k__Bacteria|p__Bacteroidetes|c__Bacteroidia|o__Bacteroidales|f__Bacteroidaceae|g__Bacteroides|s__Taxon_8,87207.04091836559,235706.5432213057,258480.17979819723,794331.2622262839,25914.31878566707,1966857.4159676116,776610.3643347993,1036627.9358290143,1801305.3598566402,429450.12687692733,514930.4449240656,834948.1703973733,40803.59910587082,764951.7771399984,150046.69207250688,1040554.5060755209,274093.73072483425,469412.5489603889,1271145.6039304254,1326011.3087459644,509264.27089961054,1598652.8583291722,6114.403700207942,338514.8071153956,2614741.919380768,2157682.857044031,1895222.17504691,67261.10265255987,1892462.6968630976,888273.0971814235,275015.46620527585,1602025.1035498707,931358.4550372425,1191454.3169563096,1879355.9203503903,321246.082629603,2068950.4215548756,902618.6928591082,478061.92964377813,576650.7851306652,748818.2888714456,573126.9774784407,816245.5623674414,1166137.5252192416,1189076.3484560368,826111.0730128785,1657652.5519625398,1986607.347591395,860211.212334436,963213.4533555387
k__Bacteria|p__Bacteroidetes|c__Bacteroidia|o__Bacteroidales|f__Bacteroidaceae|g__Bacteroides|s__Taxon_9,728395.9715491049,1259718.6495020043,1397243.7061422076,850416.8732286916,923965.4631701574,1870475.0607288615,91351.66769595142,266030.9993770666,387083.900958307,2074544.5662486441,1318492.8037650003,1179947.19604465,1403078.6824022774,1903504.4096434182,609305.8203755349,225775.71472787042,1807231.929713313,1817993.5713164909,69087.4693510331,1100367.2013219614,1271676.3326329712,1304873.253270368,1337609.0173018808,1241732.6059852717,679615.3098200975,2355789.125104389,673105.2651419174,1280665.1108875908,2322792.2562667867,1007064.1608876876,625531.1505534224,29063.54265890934,1283428.574768025,1158786.5365753546,285380.2260647551,105013.47320737434,1107275.9356252714,2017735.1412731875,823580.3655210327,1367717.3804554073,607056.5305512894,1832718.572736063,74162.89835417282,216965.61741755903,590354.2764212957,671054.4145510381,372160.21149602614,989013.8130546007,177743.1351260912,1010500.569969703
k__Bacteria|p__Bacteroidetes|c__Bacteroidia|o__Bacteroidales|f__Bacteroidaceae|g__Bacteroides|s__Taxon_10,562067.4680390945,101960.32820745907,1952834.9805234382,1323280.5500429254,1204122.976966521,931943.8905330473,225665.97916697292,415086.24000493716,1329857.1077589358,2062260.7385721272,2180154.846947377,132118.74558678002,790558.5329330552,504337.7509073507,1259352.691859052,1489690.74437074,1511477.255096905,62722.82616158866,192231.9543090274,972454.9213549088,508337.8879096369,675059.0511472927,751797.1906313268,302279.8362904433,1451254.7758738548,3241526.88246891,710419.622357126,307470.967338435,658033.3920038957,1715274.863573033,1313481.1585151427,1422569.8528683702,1328583.9925925303,181233.71070617938,824780.9143843077,1407374.3477393216,995834.829985,289212.5365919223,1372147.8064672546,455557.59287020855,202686.51996677788,910634.536987092,241545.73144364846,1484767.787810165,926284.7934951948,238320.0165074861,1186194.915826365,145329.49369931885,15869.50933262927,323896.0474581021
k__Bacteria|p__Bacteroidetes|c__Bacteroidia|o__Bacteroidales|f__Bacteroidaceae|g__Bacteroides|s__Taxon_11,2418028.590206367,462764.2887279634,1069945.205053742,1221135.0139829428,1770264.421461236,564458.8736467657,867571.3572045168,2735709.202428691,358671.28287028294,912289.2893077116,958159.8040903002,102351.37598434917,235600.4066952055,1896507.6582192369,641500.7048707362,68330.26114103454,749403.8589119649,1464965.2986214994,730329.230062769,1907066.081461987,623880.0067374242,420372.1810115991,1417251.008055111,137459.77081119665,712943.1850746339,594649.0312630741,1326260.0494799092,1151080.6628033845,1978879.18922668,1664067.6504067583,1657205.030627768,1010427.2790392318,1550874.334936487,665035.4842199059,56506.21722280688,1284433.2202598671,634572.002553201,841255.3166234186,95157.86319223116,398959.37382770167,604469.2841647418,1125492.993505113,133380.03126665263,1504154.424645733,1115506.9422901748,1200448.814402593,785013.4076569793,2271362.6938739913,1524086.9787907917,563308.9557136876
k__Bacteria|p__Bacteroidetes|c__Bacteroidia|o__Bacteroidales|f__Bacteroidaceae|g__Bacteroides|s__Taxon_12,177262.5160638236,1591818.7040830958,818874.8609169981,1378052.5732536265,767921.9552362764,817784.8681513508,166338.8681294882,1340406.8176301036,38080.943986657076,2218483.1595794633,1119821.3305882886,1625993.198035712,939452.480033712,1671293.0346757155,970885.6009069451,856714.8185196659,146367.5556964589,1050845.9219659062,1202347.699775538,1581665.4308824767,137087.7147872867,686121.6448035139,1749232.0127228457,1979052.6078161006,1432173.5700479485,718116.0237294534,1170497.6099791748,318179.68388099334,1844497.8904225777,685245.1036037778,911707.7712643371,1312319.6853555155,253384.02632380894,1062624.0486956993,1493576.4870315548,1896260.9009832363,188707.8108872217,193817.72008518362,979672.6839495196,878363.3815887951,1824580.044230578,501849.94591099326,578248.5023349299,1373704.2400733214,832267.8594808674,459383.107513334,631218.9838733914,1016880.1598588924,1209442.0219005647,380628.9206112042
k__Bacteria|p__Bacteroidetes|c__Bacteroidia|o__Bacteroidales|f__Bacteroidaceae|g__Bacteroides|s__Taxon_13,535661.6611491704,1622295.4300427786,743654.1012244514,1425449.6570916967,1626013.7387366784,900285.6890630989,577576.0509755451,1184727.6471986747,1620820.1393684573,1812892.2313447152,1915400.2027707845,1045487.3649634622,901058.3967592157,1138253.5237541571,243547.38581106474,1943493.9689864484,474034.5706549783,426144.92638822424,1024241.7085621986,94791.3325775431,58990.36778436182,1177168.094756365,280456.64518298267,538614.3534488196,6307.06111774093,1731536.5242398935,867880.3582274864,347931.9828050393,776452.5348383213,970767.9686150628,2194887.1393228373,1879156.9598375002,362475.9310923001,191394.42141021055,771174.3616391915,503306.5184930981,1261729.4801638895,640574.2086524898,415190.47750677593,1424526.1792103674,1856624.9979408416,57298.67487572564,45903.96094947343,590969.1000151067,89911.60193447187,1450163.456678331,479431.4334316978,1850219.9990761075,284702.2076445867,1912988.4028162514
k__Bacteria|p__Bacteroidetes|c__Bacteroidia|o__Bacteroidales|f__Bacteroidaceae|g__Bacteroides|s__Taxon_14,115505.36389361974,988179.0955116457,1389151.8676535278,398502.44174069056,401263.3829683444,834267.7884432429,2013653.0978481104,303756.8467428889,1154291.4809891214,215098.98067121452,2089317.6572586643,1036901.8017448727,443806.05857830157,2171173.9247985906,172325.98166831816,1267085.502296656,1788303.5585082164,309811.41742634785,244960.15903832891,1475462.3051199536,475585.7820073761,1604452.5091057015,31771.03326958057,2326821.991013765,171934.7929176906,1175012.7258022686,799167.939476108,1291103.6158958385,431760.5998044713,990343.4210237924,278110.0232647897,2413662.392781993,813052.5680334598,849689.9245505357,1549995.429273338,820037.5050017774,1314201.2995364298,1466866.8385742914,1390412.5565357725,689233.5584213628,458664.23468415457,1526091.5469143584,264668.53001264774,515758.1127769014,993885.4886893911,1386798.2862538926,1828950.1710973303,1325911.378313688,1389193.4236887216,753034.6795182098
k__Bacteria|p__Bacteroidetes|c__Bacteroidia|o__Bacteroidales|f__Bacteroidaceae|g__Bacteroides|s__Taxon_15,1161348.5602711777,1064749.7214849275,382218.7599735454,1972879.1556325783,119811.1692848322,662634.2183605279,255636.45080192247,864628.6355891125,126093.04551701609,875555.5659176412,1128231.7853857204,119317.50128797861,805493.4677870428,298950.5442139278,1057600.5819410707,1314010.3323921717,1945255.3185565406,354715.511190476,2146225.6634614263,1215069.7787710938,782911.1976857717,363251.40051595436,93746.21711323666,450483.43654337054,717774.879475777,1017851.875186739,95616.60807241476,613779.4749300128,189061.90085547324,1410733.1031287168,882278.1680114066,1260432.1541475705,1946547.87407781,106555.89271880977,1491146.3236527732,1405254.1431603823,413269.32180977927,1107881.0147823934,216743.32634269178,1084069.8937173758,1238532.0630440982,1357895.7922830465,2206512.6344349645,1763963.857492695,1104834.5509015948,536761.6685879234,481561.94742915215,846246.1499850262,1500728.1725404125,190205.910499378
k__Bacteria|p__Bacteroidetes|c__Bacteroidia|o__Bacteroidales|f__Bacteroidaceae|g__Bacteroides|s__Taxon_16,414785.0941695056,2737150.4197825613,76874.23048925563,111731.94390598091,847978.8824824976,453451.8735557437,701742.7757493884,644755.3065798082,1631103.7093590882,508395.3484603892,1771781.682996821,1070567.2029458836,766700.2211393862,1533274.4360419996,1291465.6151525327,25531.4205166779,1892012.9472286645,515365.00779582665,1871247.7105902927,332731.44272466615,1755493.5476975965,426386.2614955409,502182.27067096106,8224.318522359128,96227.3999975439,907980.2947785737,722459.0131531196,2371385.4670159607,2781270.723333217,607361.5619769888,418188.673655199,653100.6140088361,1685456.590956502,684908.8402730627,914142.472886211,1158973.6717510724,1446229.5366332864,696183.1262919398,43778.27782195411,476162.43570444256,1928682.519460502,1308624.6921856578,1678741.27931196,953708.825541882,1336750.6739569283,1890101.5719227935,403269.8930465688,303710.3124795399,798264.7530874505,341183.9651274578
k__Bacteria|p__Bacteroidetes|c__Bacteroidia|o__Bacteroidales|f__Bacteroidaceae|g__Bacteroides|s__Taxon_17,880036.814556291,589940.4822882408,628142.8979827039,2334896.220945503,6259.569587331847,484476.25671665923,928171.920465053,530029.1220897072,1465161.762141083,2126043.5958233443,1642597.2653543735,124422.82935213321,2268352.45128678,1333197.2032920024,326427.61535582866,649657.1383088118,1402653.6636656378,896585.359170244,193757.18013261363,650360.0337607089,1417314.43767301,599282.0673409447,285283.0757616721,601089.369147505,196931.0512903958,839903.7691726126,1194106.5722445007,1631095.4847615024,1950129.9608946755,365972.24780217325,1104432.568788792,2866785.1250619385,1059842.5366728988,1467206.283897698,214396.1205450151,2185568.601552073,1062423.4967662767,494990.7497504186,104129.41799375927,697741.5223354442,241445.824633669,1224538.6056519244,1718289.0300548766,826536.9860038871,120605.75272328604,1444165.2663338862,298018.4910091442,1305573.8323715948,1295528.2424998567,767990.3324639065
k__Bacteria|p__Bacteroidetes|c__Bacteroidia|o__Bacteroidales|f__Bacteroidaceae|g__Bacteroides|s__Taxon_18,489881.09218678426,1078712.3091287306,965097.9845813467,340067.70721706434,1347841.6098732557,1039989.5594675146,1093642.7710097267,1026404.859922432,1137370.1215042407,169900.58595806838,1169312.7333232497,1927547.1012268793,254170.30162043578,920160.3805998836,1770891.7892040196,3.230836294707842,1588064.4967412609,374469.5471153939,1634934.5298938188,659827.4847859538,430419.98782953207,1920027.3603116577,790065.997740425,1387328.7532176296,680851.2526716558,207355.42998045043,1803798.487523578,904924.2132654208,3782504.702327024,540564.2220410181,1262725.4255895994,135313.4449075188,529208.4182145841,373380.96560034406,955978.5850709083,184894.1963684559,1140549.1761512673,354932.5852780364,325124.18671961164,569976.6720219317,147190.71626000537,501981.83860032214,1571322.6288333898,1640854.8567463271,243491.3998549222,1775829.3540628674,1368505.8616147577,443237.8254207346,1389385.701269468,1663012.0988148996
k__Bacteria|p__Bacteroidetes|c__Bacteroidia|o__Bacteroidales|f__Bacteroidaceae|g__Bacteroides|s__Taxon_19,564957.6806409934,444998.8058812271,29941.30374173599,376353.04255745193,2081771.8060060893,1023106.4861955553,1856644.3435544986,74555.10527725145,924558.413707568,1592762.1185124563,2259747.461717387,63242.26433750242,755595.9654236797,2144321.977817087,1106776.3289128053,134589.57829116634,203599.4354983708,748190.9128311888,2112452.2031297022,976193.8878520384,1239134.4750286406,992285.6575916503,2031011.6950625847,417363.54897978477,178911.81478563685,729641.1852163301,517357.1330841656,1297999.7360990322,650578.242133648,1562682.0768690202,2286396.234824001,281878.4167268238,638397.1002623105,2018758.0721161952,282871.54996103083,734677.694940643,472335.93728206505,302377.77239505074,662314.8091968091,1859516.1712833652,16288.882001879392,63158.63833996595,6914.623065283755,2763146.2374772197,1737914.525362092,222981.88044976187,815382.391013216,84420.71550746274,2052982.1111135613,856185.7092033825
k__Bacteria|p__Bacteroidetes|c__Bacteroidia|o__Bacteroidales|f__Bacteroidaceae|g__Bacteroides|s__Taxon_20,114979.13624033029,937154.6157673851,1538369.2675462035,704782.0437730345,903491.0736434191,443670.7109332556,1958980.6439430676,1092448.499555994,816652.9833617886,1533994.17376284,1178345.3059204458,83528.21222751588,971530.3927563453,1899274.9835970467,315797.9268808771,287748.3590186533,1658073.529345652,1131802.962256654,680805.495419169,188939.33759095066,161119.8479292437,2138964.3288002294,1618822.2152615278,1795452.97130635,806322.155947501,1117482.1848146864,725643.8484178559,362511.0184627349,1706891.9321316846,925166.7087493276,406246.710503891,838245.0901058541,582798.6489941747,1274409.8927606856,169012.10832230502,520781.9392527867,344273.75328431686,1785171.0356410923,1386023.7101440043,611484.3837115892,1126432.4000271978,172201.6789755565,1324244.093644195,750904.1610064252,767278.4784872544,1096449.6328896019,1216455.32270639,1282303.350434576,1971077.1495020902,1272920.3613732327
k__Bacteria|p__Bacteroidetes|c__Bacteroidia|o__Bacteroidales|f__Bacteroidaceae|g__Bacteroides|s__Taxon_21,486479.81569136103,613759.9961249137,31723.269308946212,2467452.9947832213,1199148.1632939244,1003972.5754436887,1381896.8617116068,1746112.5840285504,408653.65159762563,881068.3242957947,636337.0364406265,798758.9980829943,40785.32850558974,1590050.1280025626,659585.109800706,2561143.394401079,559414.0298467978,47513.35561042221,217979.34097214008,1379517.6281787925,342160.29874710564,1972678.853363424,10923.74117604387,1701959.9069078753,1252446.3236533073,1947102.7326099272,79152.33407424123,1803580.1733583757,169557.6542535352,712397.5897165623,1433832.2653119,1402333.8736275034,1748609.3081630291,446439.3277327723,406875.88085974456,1211295.9109400527,951556.9666139648,1130397.4679411633,74609.1796876589,740000.5649803552,641028.0552610416,1208317.640669468,378456.8955699147,692473.0599659091,706768.0435336756,1481776.2822502602,793955.8108481758,370243.4464926076,1029132.9816513064,1625686.2621487426
k__Bacteria|p__Bacteroidetes|c__Bacteroidia|o__Bacteroidales|f__Bacteroidaceae|g__Bacteroides|s__Taxon_22,1732427.5496075815,647233.274645187,1247746.671179671,1457875.6854491807,665070.0077672376,798825.6293516366,340253.014071756,1454289.47592188,800987.4569897873,605942.3785368394,12422.922939971322,1163755.3439389337,1319435.5866883798,1739479.8206337532,1700173.9173417643,1331425.7024254864,423050.0104825961,1212667.3668995881,932210.7266015531,855594.6984924367,256157.26422118547,1200837.132173608,947320.186265145,1189546.4030968326,232328.47188018775,199345.66466187127,2021890.717612864,2162321.2369685606,7050.773693471332,316720.5032174064,918232.9664862612,269596.52178929176,1113020.723202865,1089053.8481298222,1659865.9752957686,278525.35882748466,652748.9846463698,705703.2170998062,1119689.6436137578,1224840.9476882247,197134.62379266554,1368960.5360485876,483868.4703347975,1192608.5671167066,1231702.7988721791,800787.4967980556,206595.3359242389,451517.41901479615,1245603.9326374815,369637.3615870681
k__Bacteria|p__Bacteroidetes|c__Bacteroidia|o__Bacteroidales|f__Bacteroidaceae|g__Bacteroides|s__Taxon_23,907398.8057715065,853519.1025499967,271206.9114398187,2049286.4822576372,2418957.37780705,431944.96968097717,1074905.8198105686,89699.93395422923,1312943.0886237428,1774172.4815952168,623220.500868299,1083294.286360608,1643892.5313765588,621902.2885483104,844378.7923495945,723022.9943516967,66770.86853135028,1791071.7550729807,503112.6838488526,1755460.2734835804,2159141.990918327,1791303.7515633572,240396.77196272765,2063899.4392154627,1047176.6565086943,172636.08223658882,669596.5212672207,1402679.2401575856,644070.2405358801,2020545.5986019345,847847.4209800694,402814.34749470616,1309957.6520589422,293423.4205087266,2320457.274295135,1217526.1612575992,697313.2454453872,1023672.0329322759,1366683.3136346973,631884.4540182553,2079682.722524162,1717808.0767447278,90787.6972634726,1267159.96439992,1485370.3017775898,974756.3978885524,156725.99752970668,2224972.014787121,526618.8687175256,1128757.5202403383
k__Bacteria|p__Bacteroidetes|c__Bacteroidia|o__Bacteroidales|f__Bacteroidaceae|g__Bacteroides|s__Taxon_24,414604.790245634,509685.4959308814,613413.9379121545,791220.6056743977,708648.2614492445,58799.372475664364,272138.1987510879,1357691.1756666275,4453.728517630487,1510055.787758899,756668.1858585128,2476857.466138598,189181.17273514264,712672.2116868123,550973.7073400528,592162.4372658393,144884.5541116976,1669908.2647074403,1132186.298962052,45979.753287389176,261240.8141032023,755947.294951598,988102.010723224,645256.6139783745,691344.3765136639,1758924.8590731435,168190.29549350182,1087286.4490861802,123360.21548708063,2342155.328058574,2607276.7266902183,297320.44917409786,162086.31865004054,2193964.5729978695,943558.7032430185,1105848.1173454993,773689.2062262081,20176.241791844135,2141120.847294461,2065392.8301511733,43530.90913993609,609987.1018126637,1984516.5070894584,935539.2183139345,375520.6370480448,718182.5255383523,2378173.2710070084,7109.770605918253,911094.2666286817,445519.66612563416
k__Bacteria|p__Bacteroidetes|c__Bacteroidia|o__Bacteroidales|f__Bacteroidaceae|g__Bacteroides|s__Taxon_25,2117018.093790079,738544.3608756476,1812493.2887000088,363903.24031808,1336373.2275288703,691116.7978342866,622065.4192085178,1051519.874950627,818004.0454122243,1461952.7648339754,2360157.838181357,346131.17361040425,1426070.9319834434,1194101.1549574588,149600.0948259941,410135.80475537095,42639.827487609116,805314.2266685116,275962.60229890293,636358.0817184793,983201.0285365023,1667932.60133962,163219.4415601811,1020550.0163745619,352776.19336225686,1710193.0180406254,60629.52640192525,220719.4866142493,301846.25767385645,707240.5279094017,439771.6196291972,509211.0748416431,1089218.509103601,298032.9712908246,157989.7450842501,1149394.3014806495,2751250.297468711,75345.89715707756,1432138.6068252109,1133027.1440884937,319814.00278608117,1697308.1951098435,441757.7958217409,1440568.4387052488,333536.9445147968,1942620.821794475,3068597.0797942397,215310.31814025564,367413.6805999135,510638.58858885325
k__Bacteria|p__Bacteroidetes|c__Bacteroidia|o__Bacteroidales|f__Bacteroidaceae|g__Bacteroides|s__Taxon_26,2055865.658170564,842508.508012885,454826.4612161119,618644.8254780096,1505918.6298251934,1471353.0000893385,1193170.166755423,1950279.2013700558,1686342.8700791833,1260965.9873827274,1016645.8278298103,476593.73335277825,708804.6085694582,1328830.902694162,945537.1121558783,991295.9184554074,2836609.3365301425,760346.2509681409,869400.9574269032,221384.03633184812,906368.8443522423,1585555.7885934343,2048100.735687986,983665.2348577239,854596.1685646324,2411897.1032902105,789919.1516400664,1013013.1742727272,2332269.659900513,1749803.6280219308,92459.86338416568,448477.5379744601,568522.7040541015,2598280.260481015,369220.68696031184,514039.6433870918,155115.5508703041,1596776.1896280812,1728776.3381160263,1416324.179941059,545440.4569349242,2282813.3333311323,54640.81810244196,516265.63582317124,2165155.4466888155,969816.4338626623,1722877.7892250724,1749376.580802162,1083202.1591318084,610933.5319846278
k__Bacteria|p__Bacteroidetes|c__Bacteroidia|o__Bacteroidales|f__Bacteroidaceae|g__Bacteroides|s__Taxon_27,1224216.336054774,271560.6034162041,185361.8826775452,533739.5540279963,33954.60145264689,2702036.9210398626,870729.9913692345,1268586.5744406846,316391.95142613834,47260.96127516427,369066.5512600926,42190.49881725176,113390.74940471223,764659.2339423251,912550.6223577765,822098.624229872,678017.1488029674,1384714.0837530368,665342.7753827845,2187832.0376519696,2847618.6121719014,312031.2055715391,807529.4195815977,1267860.868509043,1540887.5119896643,751754.0347509846,42182.51666836196,54018.86465624499,300201.4427743482,184212.60872174043,907537.3938792043,1139119.0987982084,1095619.9433391457,1376406.1744130123,1598606.089661316,1838475.6905644038,561477.6056797197,40642.74127802788,910044.9816220152,2345830.9182051267,689660.66217577,747117.319466014,1282147.3036096112,693776.6594183379,140627.21753148595,1087081.5513879564,1421530.9833420152,445920.519205062,2277002.1200592285,1677154.5361456638
k__Bacteria|p__Bacteroidetes|c__Bacteroidia|o__Bacteroidales|f__Bacteroidaceae|g__Bacteroides|s__Taxon_28,637303.7323643583,199336.79292391636,1669208.594123086,985739.7646951072,1354020.4154481757,629645.2529088272,2964492.032421617,1525256.0020049391,329896.498488241,1458441.3174589938,1007222.5454049198,2002406.1538163046,583129.2247054568,1541904.8511011105,1675660.6847618646,1921880.9888402368,861254.723168224,208880.8900014701,1150980.796960753,1366676.0635986784,1600490.7717793672,1627431.3509585427,311878.00570878276,1793057.1030748095,2138218.049185881,1473890.6754885386,68406.80659409857,1330805.834006779,1610547.271376077,2003520.3960510953,1626959.0108989663,1613796.5890610232,650587.5995574741,2508221.9543270143,203781.25524455798,1952058.7425730578,879167.5267269654,2298475.3981868993,852309.5658056465,989713.7856336222,1307544.734708326,58855.31890700781,1689505.4619179212,143578.8184988728,570387.4000621828,383294.01426660904,2026851.195720293,2025615.281510353,1256258.5607228638,134114.8302744343
k__Bacteria|p__Bacteroidetes|c__Bacteroidia|o__Bacteroidales|f__Bacteroidaceae|g__Bacteroides|s__Taxon_29,1132549.8160713397,1061769.039594838,771419.8477514513,778140.7184100166,150478.290022849,1601319.47311062,2221145.349738642,2282463.715849975,150215.30924898596,135307.58482870494,815903.5168802729,1574462.1486309513,2736811.6226884644,1123139.2560367312,1084367.2678685107,558087.1623723969,2199020.5814830437,197497.05645540962,427088.60357407795,109405.83806404786,994034.8310945063,1791197.4565382865,1143092.003184048,953899.5502656266,295733.1335451148,1583215.8882531757,830618.2170359669,138613.7803002149,692532.3804661597,1013567.992127034,410089.5042914181,156647.17423166032,208980.3450348389,71386.65202204522,848361.7719767998,998161.3522388629,283704.94684221875,1052374.0415426185,706456.3296488601,881165.0277225521,882395.9099166482,2326505.440951108,321500.11968528514,760216.8867263098,2164834.164050472,1032039.9941482341,1365390.3745371636,1067313.3015487546,200005.57675992372,905146.565747984
k__Bacteria|p__Bacteroidetes|c__Bacteroidia|o__Bacteroidales|f__Bacteroidaceae|g__Bacteroides|s__Taxon_30,75853.71378064179,485722.4532951232,1853511.4718833906,869279.7710986485,778315.5562380211,1563641.2737653651,585158.1124856148,707347.7623564734,24012.90826293698,504564.3955922835,211272.89858514536,764714.0042002922,494695.1072453996,104501.10001506319,956542.9863253691,1130012.9108132082,1581322.618640861,1405359.3684475662,171858.75226757722,512079.7600414803,2148540.959340527,155189.6146536835,68591.56577690062,336964.6122411003,2400334.1852804567,868216.0198744115,21944.982059193426,1826810.4584612902,1546117.2152024289,362899.71067825396,2318890.0190340756,230811.61209848174,1580252.4821827812,361503.46906265826,2011271.3821851565,1301828.7987526846,1801842.1177869649,649314.2509680381,149096.78291225107,1026846.1789799549,1015321.6544434835,570304.2279594985,2018300.6757253264,1112844.3763931384,591601.3372654787,2487562.201439229,1291871.1304075783,2164178.8422978087,934276.7614681799,1391359.3412665545
k__Bacteria|p__Bacteroidetes|c__Bacteroidia|o__Bacteroidales|f__Bacteroidaceae|g__Bacteroides|s__Taxon_31,407934.0775760574,2920210.3354452285,2916466.539542815,278893.4587549794,814883.0029560872,1338129.9483253546,801195.889131141,556569.6600626418,367610.49133325985,2954005.2903684205,11807.788832088467,954797.8421981508,390340.1573325576,1519740.8302243345,342119.1112887501,1577234.5181442804,802824.0235249317,2673332.696480269,619425.1045922867,725720.371386228,2295173.4628815292,676510.2187493214,1691832.9372414171,1608573.275353858,1786063.384480162,1011092.8284285945,1429066.4665061547,215433.0011762532,2057382.9845997966,668579.455698302,1018119.0197532128,376127.4129207764,1843222.0405569407,1350447.6137413029,37737.664108826546,2819475.2209401983,514072.9327305688,29102.135974070174,891957.9119021978,1513393.964443132,131443.9856710321,555296.8914146353,232631.57729944424,78745.4683358958,545984.9589213938,1022316.4600195853,1187883.155603623,447896.537317012,917893.6921114055,908551.9254080283
k__Bacteria|p__Bacteroidetes|c__Bacteroidia|o__Bacteroidales|f__Bacteroidaceae|g__Bacteroides|s__Taxon_32,1313389.6702183299,672755.3539526819,1416748.8333844112,1626768.4046727123,374572.90873882605,709575.1419109011,1451894.1637544003,501548.74246955034,644699.9330887245,1821901.0877758996,3144610.5694708084,593229.5938223803,284888.2207827461,2393940.8728528465,1805880.3070907304,1241358.9985894347,1170012.2578761727,1009233.3363749296,2037130.0421385802,516028.64767183515,2047916.8288798523,711439.2544994857,694634.0953958016,909107.4706808248,1445707.8039044389,1107702.2998054677,4437.7661758351605,1219055.1625849658,1648039.8218019442,196058.35676901462,1421143.6014276012,1789664.0346272867,1746354.2815211427,374092.25302551093,1249313.5285588866,185495.6798302608,2063816.1769590904,2034856.1270027622,758298.6693612393,1311402.804245952,75289.58390757791,1427291.7747516902,1580504.7042894112,744249.5795531167,2092460.67174889,969930.8477350406,722496.9638664679,1789040.4750256655,1915174.8543838891,1097708.27700077
k__Bacteria|p__Bacteroidetes|c__Bacteroidia|o__Bacteroidales|f__Bacteroidaceae|g__Bacteroides|s__Taxon_33,1215655.3518660595,1119998.0133685549,973346.0451490601,2274622.786124651,1255256.398653865,822930.5760310387,1769611.9020769577,1812397.2660425266,1023858.0848511057,618212.0240122022,1315166.8858076704,1162142.8321825042,1661829.7469603175,174537.36171886965,816578.4209463006,1227389.9155629794,1571412.6913665852,1480347.1400730605,3099640.0974461394,926181.2602037969,950658.3558543366,1692030.7407095085,523154.56983966543,488223.2094561687,104361.33055057097,1316287.2217700435,817104.3500158988,2398285.365288025,1207760.6571365441,2143705.748591271,1314784.232291361,1596673.4600865517,2026543.925793277,976877.5747077517,617926.0736402893,319960.91457513015,611118.8133830613,780292.7638272762,875482.6344001465,673120.3764891496,625598.7415842196,658245.4441888932,2011138.1001804806,1739559.4079253713,2035637.33440386,1651919.7147183546,1053937.2833334338,1355560.0337757687,349099.48114937113,933576.224634024
k__Bacteria|p__Bacteroidetes|c__Bacteroidia|o__Bacteroidales|f__Bacteroidaceae|g__Bacteroides|s__Taxon_34,1486658.577903785,531626.3811444113,1413699.2192565107,286306.79194799147,1244577.291862394,250266.77050987678,696896.2456101209,1642153.3490672088,2266978.3628991456,162744.96986309206,2385375.6066237534,415492.1172055351,658534.549485276,23713.658611547202,1002817.582953435,253026.8316245334,94982.8051337921,893961.5046015249,480218.24616370304,1540958.6780440963,1566786.8985893638,884298.4896907854,1027918.316209118,2700874.078973112,1451768.5560990158,446375.3221292298,274809.921546479,815843.9252146324,144263.06000159832,574775.3334787738,684225.5884282438,371472.97573672596,128216.21088560042,606484.1305306415,1437875.052843682,1375475.1782099397,312337.1781953658,1291847.1927836942,1023341.8884602784,99479.34979903756,441534.8379104295,2044892.0491597457,823075.5123255639,498857.1554504393,453064.63949640456,194959.88665754173,2645719.488640138,909307.0044835706,2666844.5381293916,1421533.1081179136
k__Bacteria|p__Bacteroidetes|c__Bacteroidia|o__Bacteroidales|f__Bacteroidaceae|g__Bacteroides|s__Taxon_35,2131584.30000452,1773245.244534263,298452.8457053652,619101.0818745985,441844.4375504497,94510.02553160349,953182.0852593171,2072617.6907577286,1205119.1804816008,1602308.960662058,829238.1056018989,1477005.5936758101,817549.17889693,671664.5113594112,1411730.7755638878,346786.86629088555,214613.89240396244,232247.68708772922,61361.85174644261,694661.5926884352,2984986.591287426,1263980.5824056414,38539.33442681527,503459.21446056414,407579.9480771221,1591121.9502815204,484278.8032348169,2316254.4887349773,371936.6925854792,1234392.7780517268,1202553.808993048,906680.859462915,589136.006439599,2008704.4741511634,842536.2174738284,42845.05891279294,803241.3110034909,1608947.582451306,642054.8673044778,1631188.031942951,740637.6237245168,1086959.412321867,918393.9133337943,464138.9542720857,1180311.7658276013,913703.1186846319,195953.90552259993,1065998.421301111,120259.4009769084,183105.18700620346
k__Bacteria|p__Bacteroidetes|c__Bacteroidia|o__Bacteroidales|f__Bacteroidaceae|g__Bacteroides|s__Taxon_36,1075970.3070076108,904596.3842580245,461355.6489834511,181655.80278360064,735085.7835728525,1295705.5655887043,1222456.804178317,2493937.785153383,708255.126666413,1965952.3308876236,1867892.3190263845,1318144.5839852686,198633.84967529913,1572872.6795810559,1356364.6528890212,1878393.5780432257,1902177.7100575576,1888666.4066157085,178652.84851001075,1696050.3903050874,467278.92599573336,217118.79044428526,1545167.1146711418,714094.5901153929,1053566.9095820219,17341.306793208933,289801.6975562171,2244031.176317471,564090.8162862262,248240.45592665754,724316.5749743453,78174.64928217698,445969.6441398452,1034410.1490086957,64628.8971612202,1126472.3760868255,1315056.050571936,722804.3777680777,2308736.6061401838,1053047.7902834106,606715.544745319,1266375.6918655098,1630257.7403448822,697556.7600444705,1735043.2325792348,277756.61820762197,30986.145066073397,2328037.668627019,1258809.7156600498,1030066.5345605095
k__Bacteria|p__Bacteroidetes|c__Bacteroidia|o__Bacteroidales|f__Bacteroidaceae|g__Bacteroides|s__Taxon_37,1697913.1650390993,1070229.3706821012,508755.7792109706,1065266.3448360607,1191417.3045848599,309863.1702069059,1013164.684696347,297067.4634869294,1539027.6980860976,1683778.5197517732,540252.8957586167,1099350.0933271125,233811.9393498369,714320.61981953,278537.96747535875,1203032.566650036,454433.3143594612,1427208.9589018528,886762.5368754234,345637.85109649284,368996.281725172,269787.92806406075,818352.375848395,120397.01141868788,631941.4697002851,1284365.7932183815,2785534.49472054,153759.36304013804,1349134.130400993,2092803.260895681,1421371.8231457015,506327.60326468985,855803.9776322884,2172393.1984683755,466453.41912726726,1448611.0210954822,1567937.5576996203,270588.7853093628,325061.40848781104,1661048.939371325,1346372.122147155,1450692.2827809022,306142.72301979375,251598.6854366362,71569.75174638629,771539.0969967582,371973.8453809556,1052609.6110444467,624265.3904753758,1540893.1385393497
k__Bacteria|p__Bacteroidetes|c__Bacteroidia|o__Bacteroidales|f__Bacteroidaceae|g__Bacteroides|s__Taxon_38,94186.82881584461,1014175.9129106584,660298.5173146316,2341830.139146363,260372.46688323002,878426.1245170739,793456.2598765702,2656002.7175130364,2689351.674518896,1610398.6886317255,290788.45615950355,1440940.7605675138,920781.2810860794,2211718.173754762,147791.19370137097,306074.93788610096,912166.6211137888,1938405.7970458711,2527405.678359884,441961.1946006983,1671927.6216135928,774262.6167810169,443111.1986192499,896902.7304862228,1937021.1683572284,2155366.190749277,675579.0915260504,538921.1247711714,1380592.5569100082,887561.6077645026,436511.92388927937,2494179.2286938024,1922785.446353998,768186.7430800868,559960.0809445606,491404.8289402793,320938.0724320332,2116955.942497475,1955875.0117847663,543018.5536127482,662454.5379997042,1154777.4853281942,1309498.8780455813,1997264.0825019875,1503347.6546406131,675702.0084474122,2611355.6293757036,61332.26965424174,472247.49611366575,692585.3711104383
k__Bacteria|p__Bacteroidetes|c__Bacteroidia|o__Bacteroidales|f__Bacteroidaceae|g__Bacteroides|s__Taxon_39,1208457.4350459443,1124213.215580127,241573.95108366024,1062260.5676303697,1610463.344343907,319461.83871436457,909346.6071113533,1928557.6808527089,230170.02825022163,1311057.1679021977,810327.6346011113,2095866.1295877723,1057514.8014703244,223169.57532141416,463506.00622175366,1082544.5166628547,1085002.2875894932,1333096.5511845085,852713.025622438,1496771.3127496678,778742.4314244702,1188120.208687596,1208948.1296556154,686579.6707343311,1142276.9323741244,1030919.7691959179,390250.3061867278,148278.43747375696,1679568.5222593104,1622215.3563094253,17722.66194526141,168196.518307545,1058898.3669725303,73423.93204850971,221305.99606284685,66810.12903845136,184820.09152917215,872081.8893430715,2064716.9726718506,324372.43681450485,255640.82972668565,493389.5626877692,1887680.0448932573,1004890.8648136252,1796155.3877689654,524743.3792530444,649996.5110426192,118896.23357667564,1177366.05501449,113771.92728871282
k__Bacteria|p__Bacteroidetes|c__Bacteroidia|o__Bacteroidales|f__Bacteroidaceae|g__Bacteroides|s__Taxon_40,330062.1713114044,1200280.9023675725,795692.9642722016,420017.39169141435,503915.60191645013,415205.61217297066,611811.7161728563,569190.5192053148,2289917.148680559,871922.6130393075,2260133.02326244,1077226.880117653,199063.07436403492,563861.5938816462,1632060.2924932034,643230.0495926064,1114629.4811191563,860525.5485995883,739163.2324386891,842174.4628780662,1181426.9027825457,723857.8652591439,2084333.2344600153,1360923.2675951337,788301.4279995963,950341.9220479967,1900610.7046422502,1255957.1023334677,2842746.1673248108,900686.760284657,1178503.7637751978,1325791.5736775794,1165140.0441058208,692273.0163968196,1446672.626879275,124306.17288425227,385369.9482931957,224178.69027865527,26528.948960377602,771866.8142751947,103665.78997229214,1993869.7969111232,1042855.2918382088,426636.4817394498,519006.3406444618,1042297.8671874399,583287.9906684802,985485.3050598905,995937.4132381121,712852.2039251487
k__Bacteria|p__Bacteroidetes|c__Bacteroidia|o__Bacteroidales|f__Bacteroidaceae|g__Bacteroides|s__Taxon_41,1433018.4452876728,1106555.221513444,1587032.7344893995,2422117.289045314,39863.26803590194,993726.7282206694,458836.2224112629,770838.1529350408,416339.69463254034,1505088.7434639353,1048765.4306136307,390704.163784701,1340314.3147140108,1860006.073965732,163553.96882463968,849878.2611954167,309388.76280245103,36617.00901158049,420372.1819855468,68553.56530726468,1861260.8116805807,1201976.9580551889,1190891.6625673336,866364.2374473672,1506177.9703039802,2446039.7438327875,851682.8829344186,840037.8976461175,1084358.8766352385,1962731.642405501,1199642.171871458,196661.42922200158,78538.62471924396,1285158.619910735,37327.065153528936,1010876.8300650403,649298.1603791908,663292.9264982962,1527810.71194515,330054.6488599103,1662729.9826314233,841294.6359589798,654554.8484182375,438391.34776008374,128584.14739467157,508121.03543565545,180871.34488514112,522179.8229770845,905611.520906442,1381129.0475543127
k__Bacteria|p__Bacteroidetes|c__Bacteroidia|o__Bacteroidales|f__Bacteroidaceae|g__Bacteroides|s__Taxon_42,494186.0602392082,590708.7675568416,43406.8893797989,518533.71983125934,498212.32074674853,929650.4133892609,1551101.44565249,2125759.421095861,517268.06119291234,1044931.837301666,611107.8152067823,56190.76427584072,626301.4850031848,742296.3275233196,1025881.0768244747,565392.3346763195,100870.2342049207,503419.21191420715,423426.27398304036,864189.1830685503,1185531.2482667472,336449.62564441236,1918207.0020372355,467061.99654300476,1645407.5912765716,533711.1112315049,537645.6174309639,1239460.9909415438,2723588.2335657887,547849.9531565345,1298723.2837065207,461443.83794394037,1831572.5014914898,80715.1605494381,1915926.042615944,449569.8069168109,1232333.8002695418,2161947.089947464,625981.5435227127,991708.9520359368,1495008.3992945598,237374.87207585026,1438584.9560680808,753455.4556371111,275039.07893073827,375851.9228582188,952600.311319512,1921625.871245441,2360728.924500144,760452.8107359508
k__Bacteria|p__Bacteroidetes|c__Bacteroidia|o__Bacteroidales|f__Bacteroidaceae|g__Bacteroides|s__Taxon_43,1105061.914925381,906318.5097557434,1532678.0001603789,117653.92055948568,109582.04931086232,180869.42466348922,19897.899550131056,1749162.6217178754,1096809.0712638064,1720013.1580237066,1391426.3834068351,81315.47715055931,1296978.4724495,589390.9670318367,1494819.8921633593,763100.3003079147,344331.05500849045,1403900.1916547236,83911.46103592066,1229466.2893687915,305922.7758963533,63288.86290730571,2942749.418210669,994827.9985344927,1962148.0460251267,1251175.8334327922,1005038.9300666228,431055.1553974007,751654.799444311,1168530.4023037846,1906951.924351621,873531.5315290842,265129.17037705565,921124.0346279202,1611392.9309605933,656477.419750149,2172798.7061070907,708885.2644929164,137442.84051826224,2319756.645035475,1488389.893530907,1435963.0371688334,591259.2477609852,1306825.2924944018,92578.96106719109,547567.7606210189,580890.4158990494,513581.1764711384,1688053.5162835405,1022332.0159877379
k__Bacteria|p__Bacteroidetes|c__Bacteroidia|o__Bacteroidales|f__Bacteroidaceae|g__Bacteroides|s__Taxon_44,457075.3175977551,1583961.2604928133,1644070.8529497639,2405571.473081965,1397805.0707757839,31696.580146017484,1046116.7141707009,515787.0069191442,480627.97866110905,14975.144852408557,1645949.2603245901,2262823.4737408897,1519239.4991509393,67006.66628641298,1520822.942656795,1565866.8052500219,1510456.6321722993,206863.93326390663,1735215.1697799372,85276.6849861131,1768083.2149406662,1669881.7671622366,354067.98809180985,263332.4875568035,1360288.9391269342,676897.909702533,58086.62301503902,1717747.23375279,165100.43128809275,1501945.7020123254,393497.24561820185,222109.68722548743,1355370.4067961317,60586.53399843199,1017335.2967976257,347900.20280824846,73423.98303514381,1301244.9715906272,1726371.3661979572,2542550.7090342487,2100044.2534232126,131961.60970968462,158720.79798748158,199972.30842334556,590042.4955950748,1730500.7888399223,1618770.9970810746,1468731.9020084264,1624413.0108055724,497186.57175104326
k__Bacteria|p__Bacteroidetes|c__Bacteroidia|o__Bacteroidales|f__Bacteroidaceae|g__Bacteroides|s__Taxon_45,2624084.0188855464,1517941.6953736455,1145855.7105909896,1547516.9523553748,542207.4014406928,731295.0525260775,2237011.309097866,1557946.504515223,900796.2956317393,766061.3374391106,1535495.2968250925,661514.0961966238,953113.887883387,633159.9945417312,430916.5802694766,1655043.3876272023,2976940.2582131713,3073938.4180402257,705374.7356460682,223539.2590996907,1012743.2035267618,942845.5171892203,28814.639857164817,1247236.855462187,404638.60204234446,649684.3405446556,208841.31522543763,265557.53125365626,594646.499230211,682398.5771407075,2191126.0674422625,2915.176708850777,2274192.7782890494,1752728.4830085733,1592811.09389723,826354.053436111,643992.0275779235,407540.78321108746,702733.4072626155,629592.9962164559,382807.9596180791,872857.2577735502,1137471.0993414521,1125501.8984766048,612874.9943562553,2570553.2639095215,1264715.1170536447,1329755.4207165204,317602.3882142626,612394.9181036802
k__Bacteria|p__Bacteroidetes|c__Bacteroidia|o__Bacteroidales|f__Bacteroidaceae|g__Bacteroides|s__Taxon_46,270853.5059706108,1246961.7108055917,770152.7495443269,1346421.8349971115,253104.20353333163,671997.2516842538,749244.8958806467,485813.84317708807,120581.95677611849,1139150.1930123633,368639.43864265404,232640.96484584408,1148071.519930574,1280710.24143994,1205593.0086256021,726542.5954896376,299560.63901030924,1850146.0951353828,808398.3750369713,820924.7019126238,443225.76586733374,535949.8611753073,1205407.5389864612,1118131.5762460672,942912.5974390263,1684775.1001931427,1172769.2365975617,1525256.2463623532,406984.86694359354,54292.22013557574,1807837.5041081412,669906.806329227,262162.9215831001,3788.926960079465,404624.3663140005,1055605.9715131172,1438609.3133427291,993307.2239223877,105674.56674266513,1206781.7005656115,1801494.8140925607,335672.4930645152,2108841.364039895,57065.25864545605,1420217.081590815,771183.0689570755,846759.0513884109,1480202.0721958051,439074.0195791167,1393626.3301238164
k__Bacteria|p__Bacteroidetes|c__Bacteroidia|o__Bacteroidales|f__Bacteroidaceae|g__Bacteroides|s__Taxon_47,250593.08537365857,110037.63710265607,648321.4472399193,536954.9578207429,494116.2101111215,362395.63895698026,931809.3166080124,526548.7244611786,295827.8335993262,1158131.8048764984,2495620.156265797,1109163.850126065,2239978.0786677096,366593.71223906765,1462826.339478719,614551.2358858936,1580306.286729706,212644.77212037658,1193381.7694604094,1052627.667206564,961170.463699759,1054002.55449893,1917488.4568415778,1046455.6642833129,686561.8840274536,1851953.1316637849,1907111.5795165235,711949.245598104,455577.87882906303,287467.20481697924,518465.3526439657,1732105.39824034,1052859.331954063,471614.23548018665,954627.4469358502,964649.4373582479,787046.0472513407,302220.55854386126,1962596.4724722593,953452.1625271688,1213136.3991859073,175391.933737349,397169.168957972,1669781.3046562343,336707.58855848724,105742.51572828693,817529.758639922,1013737.5243639059,1424165.7466184327,273295.80806396424
k__Bacteria|p__Bacteroidetes|c__Bacteroidia|o__Bacteroidales|f__Bacteroidaceae|g__Bacteroides|s__Taxon_48,589555.7003283182,4248.173459099489,2238569.7478047907,390230.2661816607,850886.6577617859,327706.5732309913,1165576.3594719665,1123461.3052551362,1339001.4836355026,364118.97020471154,1154987.7535300988,774126.7605486105,362519.4551757156,1208369.6644015089,1256464.284207795,1532048.849702703,570040.7075362818,1248558.8644184356,95908.34434651141,1166245.1676944145,1279947.7735106614,808024.7968163744,305876.8255645529,653844.7248053426,737268.0796462821,1955882.4955535368,190853.78529358364,1458496.698814555,1179011.3386977469,1617920.1487894189,61470.75401441974,1730243.8144759394,1014971.9996822794,58813.97820745967,1483415.3299261746,131962.59606766934,362757.9213759493,1255613.1715780357,2859668.1396591384,3587.9232971430756,1614721.000989466,951890.6524893056,1545766.4835753911,1737063.8136660294,286974.8409464472,252983.59248226078,487811.6661605948,392612.09142866486,684276.914785895,378765.5735752822
k__Bacteria|p__Bacteroidetes|c__Bacteroidia|o__Bacteroidales|f__Bacteroidaceae|g__Bacteroides|s__Taxon_49,102182.55497720686,835018.1043706217,1261795.193506889,340555.3536069193,379081.2867234625,911756.8821977909,1948709.7127526086,1046137.1317989461,233931.13408217672,1454966.9774781964,708723.8900513796,1349470.5417228774,211141.4708927092,401430.15106498514,1015084.7813253476,1712140.8953663104,2208884.5967183122,1092903.9251758754,975227.0041591107,459060.2667562743,1348792.5182324434,1148269.0502096764,267294.061109675,123422.96450824267,1533361.6682345048,4038.7493091548095,668472.4726734825,386327.0427313779,941425.5692974298,2023135.4429688328,1944139.5648042974,1068069.337479135,1865965.593280767,613099.699658238,636716.2467615284,807067.8454773105,53324.545134997694,860058.9816178795,120703.70862736565,1563150.6386514357,913426.5110568674,1233707.1915263324,464855.0434614626,1381080.6504270984,3324143.301618798,2555931.057139459,143929.3208444051,81828.76873178431,370949.76933934225,764976.9468486788
